-- phpMyAdmin SQL Dump
-- version 5.2.1
-- https://www.phpmyadmin.net/
--
-- Host: localhost:3306
-- Waktu pembuatan: 07 Bulan Mei 2025 pada 01.50
-- Versi server: 8.0.36
-- Versi PHP: 8.3.4

SET SQL_MODE = "NO_AUTO_VALUE_ON_ZERO";
START TRANSACTION;
SET time_zone = "+00:00";


/*!40101 SET @OLD_CHARACTER_SET_CLIENT=@@CHARACTER_SET_CLIENT */;
/*!40101 SET @OLD_CHARACTER_SET_RESULTS=@@CHARACTER_SET_RESULTS */;
/*!40101 SET @OLD_COLLATION_CONNECTION=@@COLLATION_CONNECTION */;
/*!40101 SET NAMES utf8mb4 */;

--
-- Database: `internshiprlo`
--

-- --------------------------------------------------------

--
-- Struktur dari tabel `email`
--

CREATE TABLE `email` (
  `id` int NOT NULL,
  `email` varchar(255) NOT NULL,
  `username` varchar(100) DEFAULT NULL,
  `password` varchar(255) DEFAULT NULL
) ENGINE=InnoDB DEFAULT CHARSET=utf8mb4 COLLATE=utf8mb4_unicode_ci;

--
-- Dumping data untuk tabel `email`
--

INSERT INTO `email` (`id`, `email`, `username`, `password`) VALUES
(1, 'elrahmaandini@gmail.com', NULL, NULL),
(2, 'felisita029@gmail.com', NULL, NULL),
(3, 'vavilyasafila@gmail.com', NULL, NULL),
(4, 'bagusilmanhuda@gmail.com', NULL, NULL),
(5, 'taqiyyah1964ap@gmail.com', NULL, NULL),
(6, 'satriabelvanararya@gmail.com', NULL, NULL),
(7, 'internshiprlo@gmail.com', NULL, NULL);

-- --------------------------------------------------------

--
-- Struktur dari tabel `kecamatan`
--

CREATE TABLE `kecamatan` (
  `KecamatanID` int NOT NULL,
  `nama` varchar(255) DEFAULT NULL,
  `RT_miskin` int DEFAULT NULL,
  `indeks_ekonomi` int DEFAULT NULL,
  `indeks_ekonomi_normalized` int DEFAULT NULL,
  `tingkat_ekonomi` varchar(255) DEFAULT NULL
) ENGINE=InnoDB DEFAULT CHARSET=utf8mb4 COLLATE=utf8mb4_unicode_ci;

--
-- Dumping data untuk tabel `kecamatan`
--

INSERT INTO `kecamatan` (`KecamatanID`, `nama`, `RT_miskin`, `indeks_ekonomi`, `indeks_ekonomi_normalized`, `tingkat_ekonomi`) VALUES
(1, 'Kencong', 62830, 1, 96, 'Tinggi'),
(2, 'Gumukmas', 71930, 1, 69, 'Sedang'),
(3, 'Puger', 52720, 1, 66, 'Sedang'),
(4, 'Wuluhan', 54010, 1, 75, 'Tinggi'),
(5, 'Ambulu', 117770, 1, 79, 'Tinggi'),
(6, 'Tempurejo', 55810, 1, 52, 'Sedang'),
(7, 'Silo', 52170, 1, 46, 'Sedang'),
(8, 'Mayang', 62910, 1, 61, 'Sedang'),
(9, 'Mumbulsari', 31460, 1, 62, 'Sedang'),
(10, 'Jenggawah', 103530, 1, 78, 'Tinggi'),
(11, 'Ajung', 49930, 1, 65, 'Sedang'),
(12, 'Rambipuji', 47510, 1, 69, 'Sedang'),
(13, 'Balung', 117150, 1, 77, 'Tinggi'),
(14, 'Umbulsari', 64660, 1, 74, 'Tinggi'),
(15, 'Semboro', 86010, 1, 58, 'Sedang'),
(16, 'Jombang', 56070, 1, 100, 'Tinggi'),
(17, 'Sumberbaru', 70550, 1, 63, 'Sedang'),
(18, 'Tanggul', 65940, 1, 65, 'Sedang'),
(19, 'Bangsalsari', 60590, 1, 82, 'Tinggi'),
(20, 'Panti', 48490, 1, 49, 'Sedang'),
(21, 'Sukorambi', 40940, 1, 48, 'Sedang'),
(22, 'Arjasa', 99510, 1, 55, 'Sedang'),
(23, 'Pakusari', 35330, 1, 59, 'Sedang'),
(24, 'Kalisat', 98730, 1, 26, 'Rendah'),
(25, 'Ledokombo', 134540, 1, 25, 'Rendah'),
(26, 'Sumberjambe', 93820, 1, 0, 'Rendah'),
(27, 'Sukowono', 43930, 1, 43, 'Sedang'),
(28, 'Jelbuk', 77720, 1, 18, 'Rendah'),
(29, 'Kaliwates', 90300, 1, 45, 'Sedang'),
(30, 'Sumbersari', 60210, 1, 44, 'Sedang'),
(31, 'Patrang', 63530, 1, 34, 'Rendah');

-- --------------------------------------------------------

--
-- Struktur dari tabel `kelurahan`
--

CREATE TABLE `kelurahan` (
  `KelurahanID` int NOT NULL,
  `KecamatanID` int DEFAULT NULL,
  `nama` varchar(255) DEFAULT NULL,
  `jumlah_KK` int DEFAULT NULL,
  `jumlah_penduduk` int DEFAULT NULL,
  `laki_laki` int DEFAULT NULL,
  `perempuan` int DEFAULT NULL,
  `tidakbelum_sekolah` int DEFAULT NULL,
  `belum_tamatSD` int DEFAULT NULL,
  `tamatSD` int DEFAULT NULL,
  `SLTP` int DEFAULT NULL,
  `SLTA` int DEFAULT NULL,
  `D1_D2` int DEFAULT NULL,
  `D3` int DEFAULT NULL,
  `S1` int DEFAULT NULL,
  `S2` int DEFAULT NULL,
  `S3` int DEFAULT NULL,
  `belumtidak_kerja` int DEFAULT NULL,
  `nelayan` int DEFAULT NULL,
  `pelajar_mahasiswa` int DEFAULT NULL,
  `pensiunan` int DEFAULT NULL,
  `perdagangan` int DEFAULT NULL,
  `IRT` int DEFAULT NULL,
  `wiraswasta` int DEFAULT NULL,
  `guru` int DEFAULT NULL,
  `perawat` int DEFAULT NULL,
  `pengacara` int DEFAULT NULL
) ENGINE=InnoDB DEFAULT CHARSET=utf8mb4 COLLATE=utf8mb4_unicode_ci;

--
-- Dumping data untuk tabel `kelurahan`
--

INSERT INTO `kelurahan` (`KelurahanID`, `KecamatanID`, `nama`, `jumlah_KK`, `jumlah_penduduk`, `laki_laki`, `perempuan`, `tidakbelum_sekolah`, `belum_tamatSD`, `tamatSD`, `SLTP`, `SLTA`, `D1_D2`, `D3`, `S1`, `S2`, `S3`, `belumtidak_kerja`, `nelayan`, `pelajar_mahasiswa`, `pensiunan`, `perdagangan`, `IRT`, `wiraswasta`, `guru`, `perawat`, `pengacara`) VALUES
(1, 16, 'PADOMASAN', 4031, 10848, 5413, 5435, 2455, 1474, 3266, 1815, 1548, 39, 37, 207, 7, 0, 2585, 5, 1167, 32, 64, 1870, 2538, 89, 6, 0),
(2, 17, 'PRINGGOWIRAWAN', 5130, 15093, 7467, 7626, 5196, 2476, 5051, 1309, 881, 16, 26, 129, 7, 2, 4351, 2, 1529, 17, 243, 2628, 2752, 43, 9, 1),
(3, 18, 'TANGGULWETAN', 6074, 17573, 8818, 8755, 4909, 2076, 4585, 2490, 2708, 57, 135, 568, 44, 1, 5059, 3, 1880, 123, 188, 3484, 3799, 188, 21, 0),
(4, 14, 'MUNDUREJO', 2840, 8043, 4056, 3987, 2158, 767, 2550, 1314, 1044, 29, 43, 132, 6, 0, 2217, 1, 745, 14, 84, 878, 1612, 50, 12, 0),
(5, 18, 'SELODAKON', 2271, 6461, 3179, 3282, 1770, 1169, 2656, 496, 306, 9, 16, 32, 7, 0, 1721, 1, 546, 5, 33, 920, 1138, 19, 0, 0),
(6, 15, 'SEMBORO', 4877, 13399, 6644, 6755, 3093, 1209, 2880, 2338, 3128, 56, 134, 533, 27, 1, 3783, 3, 1381, 93, 154, 2847, 2104, 147, 17, 0),
(7, 3, 'KASIYAN', 3014, 8679, 4397, 4282, 1985, 768, 2850, 1504, 1295, 29, 56, 186, 6, 0, 2176, 15, 1032, 11, 94, 1451, 2139, 106, 10, 0),
(8, 19, 'PETUNG', 3459, 9595, 4746, 4849, 2674, 1583, 3180, 1105, 910, 20, 33, 86, 4, 0, 2619, 2, 927, 21, 187, 1865, 1964, 40, 11, 0),
(9, 5, 'ANDONGSARI', 6787, 19070, 9588, 9482, 4436, 2283, 4406, 3825, 3349, 66, 135, 552, 17, 1, 4669, 2, 2387, 42, 418, 3150, 3407, 220, 26, 0),
(10, 9, 'MUMBULSARI', 4984, 13790, 6911, 6879, 4164, 1773, 4990, 1414, 1111, 38, 63, 224, 13, 0, 3817, 0, 1332, 33, 110, 2873, 2714, 90, 13, 0),
(11, 22, 'BITING', 2393, 6404, 3228, 3176, 1626, 586, 1858, 817, 1229, 23, 70, 185, 10, 0, 1850, 1, 519, 23, 46, 1247, 1230, 34, 7, 0),
(12, 28, 'SUKOWIRYO', 2101, 5205, 2601, 2604, 1951, 817, 1604, 416, 374, 7, 5, 30, 1, 0, 1324, 0, 297, 0, 34, 971, 593, 14, 0, 0),
(13, 25, 'SUREN', 3466, 9233, 4623, 4610, 2968, 1320, 3504, 825, 485, 11, 27, 89, 4, 0, 2226, 2, 767, 6, 112, 1382, 1420, 49, 5, 0),
(14, 26, 'GUNUNGMALANG', 3389, 8767, 4352, 4415, 2900, 1589, 3044, 723, 407, 11, 19, 72, 2, 0, 2292, 0, 594, 5, 79, 1818, 702, 16, 1, 0),
(15, 2, 'GUMUKMAS', 5330, 14959, 7501, 7458, 4016, 1776, 4893, 2198, 1649, 40, 55, 322, 10, 0, 3999, 8, 1335, 32, 163, 2299, 2100, 109, 17, 0),
(16, 3, 'MLOKOREJO', 3983, 11280, 5653, 5627, 2723, 1061, 3945, 1805, 1400, 39, 61, 230, 13, 3, 2831, 12, 1329, 27, 131, 2360, 2045, 104, 8, 0),
(17, 14, 'TEGALWANGI', 3888, 10776, 5387, 5389, 2815, 1259, 2839, 1844, 1649, 33, 77, 245, 15, 0, 2901, 4, 1162, 19, 122, 1718, 2119, 104, 4, 0),
(18, 18, 'TANGGULKULON', 4886, 13998, 6965, 7033, 3607, 1541, 2734, 2294, 2933, 91, 169, 600, 28, 1, 4302, 2, 1510, 145, 405, 2538, 2760, 210, 16, 0),
(19, 3, 'BAGON', 2168, 6287, 3151, 3136, 1546, 600, 2227, 983, 769, 20, 24, 117, 1, 0, 1579, 9, 739, 5, 47, 927, 1033, 58, 6, 0),
(20, 5, 'AMBULU', 5868, 16404, 8084, 8320, 3745, 1772, 3185, 2908, 3703, 101, 214, 728, 44, 4, 4191, 5, 2157, 100, 386, 2441, 4733, 224, 22, 0),
(21, 5, 'SUMBEREJO', 9706, 27534, 13997, 13537, 6787, 3773, 8178, 4876, 3227, 72, 110, 480, 30, 1, 6657, 843, 3280, 40, 571, 4135, 3952, 189, 7, 0),
(22, 20, 'GLAGAHWERO', 1956, 5337, 2652, 2685, 1733, 648, 1654, 646, 530, 9, 25, 84, 8, 0, 1498, 1, 469, 13, 95, 1151, 917, 29, 3, 0),
(23, 21, 'JUBUNG', 2161, 6291, 3108, 3183, 1642, 793, 1383, 801, 1143, 34, 86, 376, 29, 4, 1771, 1, 707, 59, 71, 1254, 1011, 68, 13, 0),
(24, 6, 'CURAHTAKIR', 4509, 12165, 6076, 6089, 4300, 1747, 4105, 1381, 543, 7, 25, 55, 2, 0, 3422, 2, 1109, 4, 127, 1970, 1799, 44, 2, 0),
(25, 25, 'KARANGPAITON', 953, 2562, 1219, 1343, 771, 391, 1031, 202, 133, 5, 6, 22, 1, 0, 734, 0, 182, 0, 23, 285, 208, 7, 0, 0),
(26, 27, 'SUMBERDANTI', 1832, 4906, 2402, 2504, 1257, 590, 2080, 415, 431, 12, 18, 100, 3, 0, 1327, 0, 362, 6, 88, 1005, 837, 39, 3, 0),
(27, 29, 'KALIWATES', 4869, 14327, 7054, 7273, 3820, 1662, 1899, 1741, 3360, 116, 359, 1210, 148, 12, 4322, 0, 1737, 128, 200, 2801, 2366, 155, 18, 1),
(28, 1, 'CAKRU', 4256, 11386, 5641, 5745, 2762, 1780, 3159, 1765, 1473, 30, 64, 336, 16, 1, 2757, 3, 1221, 29, 142, 1874, 2139, 124, 9, 0),
(29, 17, 'YOSORATI', 6461, 19157, 9588, 9569, 5182, 2735, 6767, 2289, 1775, 49, 82, 265, 13, 0, 5553, 2, 2019, 55, 114, 4340, 3692, 102, 11, 0),
(30, 17, 'GELANG', 5890, 16807, 8398, 8409, 6595, 2288, 5798, 1408, 624, 16, 11, 64, 3, 0, 4421, 0, 2081, 7, 28, 1721, 3271, 48, 1, 0),
(31, 14, 'UMBULREJO', 1659, 4699, 2362, 2337, 1115, 484, 1063, 842, 997, 20, 26, 144, 7, 1, 1263, 2, 524, 15, 89, 786, 789, 38, 4, 0),
(32, 19, 'LANGKAP', 2732, 7789, 3814, 3975, 2357, 1341, 2462, 840, 652, 17, 25, 90, 5, 0, 2124, 1, 804, 14, 38, 1135, 1502, 40, 7, 0),
(33, 12, 'GUGUT', 2021, 5828, 2916, 2912, 1725, 1224, 1832, 548, 408, 6, 17, 64, 3, 1, 1647, 0, 553, 12, 48, 1167, 906, 15, 4, 0),
(34, 10, 'JENGGAWAH', 6066, 16953, 8509, 8444, 4223, 1863, 5006, 2924, 2416, 47, 86, 364, 19, 5, 4221, 1, 1997, 41, 403, 3188, 3580, 95, 12, 0),
(35, 10, 'CANGKRING', 5378, 15324, 7660, 7664, 4215, 1811, 5056, 2265, 1635, 26, 72, 221, 22, 1, 4130, 2, 1653, 23, 206, 3094, 2763, 81, 13, 0),
(36, 6, 'TEMPUREJO', 5680, 16579, 8250, 8329, 4852, 2266, 5127, 2164, 1735, 41, 82, 299, 12, 1, 4690, 4, 1810, 53, 201, 3113, 3651, 115, 14, 0),
(37, 6, 'SANENREJO', 3018, 8275, 4182, 4093, 2568, 839, 2829, 1395, 554, 6, 11, 69, 3, 1, 2145, 1, 826, 5, 76, 1082, 1092, 30, 1, 0),
(38, 31, 'BINTORO', 4135, 11826, 5923, 5903, 4150, 2268, 3553, 844, 812, 6, 29, 152, 10, 2, 3555, 1, 758, 29, 235, 2508, 1585, 42, 8, 0),
(39, 30, 'SUMBERSARI', 10176, 30993, 15163, 15830, 7830, 3131, 3290, 3117, 6669, 307, 1079, 4767, 682, 121, 8884, 1, 4303, 694, 249, 5032, 4234, 447, 63, 12),
(40, 9, 'LAMPEJI', 4803, 12599, 6301, 6298, 3816, 1926, 4694, 1144, 820, 16, 30, 147, 4, 2, 3354, 2, 964, 19, 132, 2871, 2371, 54, 6, 0),
(41, 24, 'GUMUKSARI', 2084, 5481, 2672, 2809, 1542, 582, 1858, 708, 645, 20, 31, 86, 8, 1, 1687, 0, 336, 25, 39, 714, 673, 27, 6, 0),
(42, 25, 'LEDOKOMBO', 1882, 4814, 2331, 2483, 1582, 1181, 1291, 394, 293, 9, 10, 51, 3, 0, 1338, 1, 365, 12, 40, 939, 496, 18, 0, 0),
(43, 26, 'PRINGGONDANI', 2560, 6625, 3229, 3396, 3293, 1119, 1624, 340, 202, 4, 9, 30, 2, 2, 1650, 1, 425, 1, 83, 1520, 393, 17, 2, 0),
(44, 4, 'AMPEL', 6972, 20413, 10316, 10097, 4971, 2341, 5378, 3720, 3248, 82, 114, 533, 26, 0, 5362, 27, 2338, 37, 363, 3012, 3141, 189, 22, 0),
(45, 13, 'BALUNGLOR', 8535, 24104, 11996, 12108, 6401, 3038, 5862, 3468, 4275, 99, 198, 713, 49, 1, 6909, 7, 2402, 90, 901, 4562, 4912, 275, 40, 0),
(46, 3, 'JAMBEARUM', 2553, 7621, 3876, 3745, 1773, 645, 2779, 1219, 989, 34, 25, 147, 10, 0, 1840, 7, 989, 15, 155, 1278, 1374, 58, 8, 0),
(47, 20, 'SUCI', 4255, 11989, 5924, 6065, 3732, 1624, 3011, 1749, 1616, 19, 39, 190, 9, 0, 3545, 2, 1137, 10, 145, 2228, 1836, 67, 2, 0),
(48, 23, 'PATEMON', 2167, 5909, 2896, 3013, 1624, 543, 1593, 756, 1073, 30, 44, 233, 13, 0, 1720, 0, 483, 42, 227, 899, 1103, 38, 2, 1),
(49, 23, 'KERTOSARI', 3642, 9901, 4931, 4970, 2790, 1209, 3014, 1183, 1368, 25, 54, 237, 19, 2, 2875, 0, 749, 31, 103, 2325, 1624, 60, 7, 0),
(50, 25, 'SUMBERLESUNG', 3148, 8171, 4019, 4152, 2381, 1192, 2807, 843, 739, 21, 34, 148, 6, 0, 2401, 0, 566, 39, 163, 1429, 1230, 22, 10, 0),
(51, 27, 'SUKOWONO', 4118, 10922, 5380, 5542, 2833, 1108, 3467, 1314, 1626, 55, 90, 410, 17, 2, 2925, 0, 915, 88, 161, 2049, 2311, 104, 13, 0),
(52, 29, 'TEGALBESAR', 13260, 41582, 20654, 20928, 11962, 4010, 4988, 4287, 9519, 403, 1369, 4555, 459, 30, 13141, 6, 4973, 385, 280, 6811, 5621, 714, 133, 11),
(53, 31, 'BARATAN', 4084, 12121, 5952, 6169, 3587, 1418, 2712, 1291, 2071, 61, 186, 710, 72, 13, 3700, 0, 1203, 91, 138, 2240, 2092, 139, 32, 1),
(54, 30, 'WIROLEGI', 5016, 14594, 7292, 7302, 4252, 1739, 3932, 1665, 2215, 70, 130, 554, 35, 2, 4285, 2, 1415, 68, 158, 3392, 2487, 120, 17, 0),
(55, 4, 'DUKUHDEMPOK', 6209, 17465, 8850, 8615, 4133, 2314, 3519, 2879, 3472, 120, 188, 804, 35, 1, 4512, 9, 2075, 79, 477, 2889, 3228, 314, 33, 0),
(56, 12, 'NOGOSARI', 7460, 21133, 10689, 10444, 5579, 2273, 8362, 2656, 1907, 41, 71, 230, 14, 0, 5383, 5, 2168, 30, 223, 3057, 3427, 106, 7, 0),
(57, 29, 'JEMBERKIDUL', 6464, 18815, 9193, 9622, 4746, 1933, 2295, 2589, 5149, 150, 455, 1365, 115, 18, 5416, 3, 2512, 205, 318, 3376, 3615, 190, 24, 2),
(58, 29, 'KEPATIHAN', 5560, 15851, 7727, 8124, 3862, 1606, 1633, 2265, 4709, 125, 418, 1149, 75, 9, 4589, 2, 1961, 244, 285, 2859, 3105, 133, 17, 1),
(59, 13, 'BALUNGKIDUL', 1907, 5393, 2664, 2729, 1492, 848, 1651, 751, 546, 11, 24, 64, 6, 0, 1675, 2, 488, 11, 117, 1050, 1251, 16, 5, 0),
(60, 2, 'PURWOASRI', 3123, 8854, 4474, 4380, 2101, 1074, 3327, 1270, 885, 16, 39, 132, 10, 0, 2182, 5, 849, 22, 55, 1065, 1804, 65, 4, 0),
(61, 16, 'JOMBANG', 4774, 13190, 6632, 6558, 2789, 1107, 3956, 2435, 2266, 30, 97, 479, 29, 2, 2848, 1, 1760, 49, 79, 1443, 3423, 144, 11, 0),
(62, 16, 'SARIMULYO', 1473, 4091, 2046, 2045, 903, 403, 1355, 789, 562, 13, 18, 48, 0, 0, 947, 1, 527, 9, 18, 548, 761, 14, 0, 0),
(63, 14, 'GUNUNGSARI', 2866, 7773, 3887, 3886, 2107, 1065, 1815, 1290, 1175, 38, 63, 206, 14, 0, 1961, 2, 775, 21, 189, 1269, 1562, 56, 8, 0),
(64, 1, 'KENCONG', 9432, 26600, 13276, 13324, 7026, 2644, 7367, 4315, 4327, 82, 156, 645, 34, 4, 7386, 7, 2732, 117, 603, 4833, 7186, 176, 15, 1),
(65, 2, 'MENAMPU', 4707, 12932, 6526, 6406, 3364, 1457, 4358, 2076, 1354, 40, 59, 213, 11, 0, 3458, 25, 1181, 22, 192, 1845, 2604, 74, 7, 0),
(66, 14, 'SUKORENO', 3345, 9285, 4663, 4622, 2205, 953, 2938, 1506, 1410, 30, 66, 165, 12, 0, 2302, 1, 1040, 22, 146, 1392, 1293, 60, 9, 0),
(67, 2, 'BAGOREJO', 2703, 7522, 3777, 3745, 1711, 898, 1865, 1314, 1324, 25, 51, 304, 29, 1, 2008, 4, 811, 33, 93, 1257, 1376, 96, 8, 0),
(68, 14, 'GADINGREJO', 1997, 5566, 2709, 2857, 1371, 620, 1654, 951, 858, 11, 28, 67, 6, 0, 1490, 2, 513, 17, 40, 852, 1076, 34, 5, 0),
(69, 14, 'TANJUNGSARI', 1970, 5500, 2791, 2709, 1342, 425, 1604, 1065, 914, 14, 25, 104, 7, 0, 1485, 3, 527, 11, 65, 797, 1256, 43, 3, 0),
(70, 14, 'PALERAN', 5466, 15691, 7897, 7794, 4041, 1971, 4410, 2695, 2085, 46, 71, 342, 29, 1, 4265, 3, 1705, 18, 164, 2393, 3212, 117, 19, 0),
(71, 18, 'KLATAKAN', 3717, 10273, 5098, 5175, 2851, 1104, 3746, 1289, 1060, 21, 37, 157, 8, 0, 2957, 2, 951, 39, 61, 2029, 2139, 59, 3, 2),
(72, 18, 'DARUNGAN', 5154, 14090, 6970, 7120, 4005, 2809, 5351, 1138, 672, 16, 22, 69, 8, 0, 3530, 2, 1398, 27, 129, 2037, 2374, 51, 2, 0),
(73, 18, 'MANGGISAN', 4253, 12153, 6047, 6106, 3801, 1521, 3975, 1307, 1270, 30, 36, 206, 7, 0, 3610, 1, 1051, 39, 120, 2270, 2389, 65, 12, 0),
(74, 15, 'PONDOKJOYO', 2248, 6247, 3157, 3090, 1795, 851, 2306, 764, 449, 11, 12, 55, 4, 0, 1782, 0, 521, 2, 84, 1105, 1139, 18, 3, 0),
(75, 15, 'REJOAGUNG', 908, 2393, 1200, 1193, 456, 191, 630, 400, 596, 19, 22, 76, 3, 0, 637, 0, 237, 25, 28, 540, 181, 11, 11, 0),
(76, 15, 'SIDOMULYO', 2536, 7277, 3639, 3638, 1996, 754, 2270, 1140, 944, 13, 30, 125, 5, 0, 2123, 0, 616, 7, 58, 936, 1232, 60, 5, 0),
(77, 3, 'PUGERKULON', 5659, 16258, 8303, 7955, 3846, 1472, 4638, 3260, 2583, 60, 94, 291, 10, 4, 4354, 1494, 1815, 41, 205, 3584, 3223, 126, 9, 0),
(78, 3, 'KASIYAN TIMUR', 4582, 13289, 6641, 6648, 3155, 1063, 4186, 2370, 2071, 30, 66, 319, 29, 0, 3246, 27, 1661, 40, 275, 2534, 3519, 146, 13, 0),
(79, 19, 'BANJARSARI', 1822, 4847, 2355, 2492, 1221, 850, 2020, 418, 282, 9, 9, 35, 3, 0, 1283, 0, 334, 3, 30, 599, 1110, 15, 3, 0),
(80, 19, 'BADEAN', 2897, 8115, 4019, 4096, 2593, 1049, 3258, 656, 491, 10, 14, 41, 3, 0, 2298, 0, 583, 7, 34, 936, 1390, 18, 2, 0),
(81, 13, 'BALUNGKULON', 4691, 13688, 6906, 6782, 3615, 1503, 4026, 1925, 2046, 62, 104, 391, 16, 0, 3940, 15, 1382, 40, 222, 2428, 2997, 184, 15, 0),
(82, 4, 'LOJEJER', 7516, 21523, 10973, 10550, 5333, 2888, 6690, 3814, 2377, 68, 88, 255, 10, 0, 5502, 189, 2290, 21, 383, 3795, 3207, 79, 11, 0),
(83, 4, 'GLUNDENGAN', 5749, 16245, 8247, 7998, 4857, 2736, 4762, 1957, 1595, 31, 73, 222, 12, 0, 4288, 5, 1496, 17, 254, 1942, 4292, 74, 9, 0),
(84, 20, 'PAKIS', 2872, 7959, 4002, 3957, 2668, 1742, 2518, 587, 382, 14, 5, 39, 3, 1, 2386, 0, 486, 2, 114, 1594, 1395, 25, 2, 0),
(85, 12, 'PECORO', 2630, 7553, 3794, 3759, 2166, 943, 2479, 928, 816, 24, 41, 149, 7, 0, 2267, 1, 631, 30, 144, 1173, 2134, 54, 15, 0),
(86, 12, 'RAMBIGUNDAM', 3150, 9040, 4468, 4572, 2273, 1001, 2289, 1295, 1692, 55, 80, 332, 22, 1, 2509, 2, 1019, 65, 112, 1678, 1905, 92, 10, 1),
(87, 20, 'KEMUNING SARI LOR', 2684, 7672, 3845, 3827, 2378, 1236, 2484, 847, 617, 10, 15, 79, 6, 0, 2354, 3, 612, 8, 119, 1303, 1955, 26, 2, 0),
(88, 11, 'PANCAKARYA', 4445, 12760, 6394, 6366, 3565, 1256, 3960, 1964, 1594, 43, 85, 280, 9, 4, 3516, 1, 1366, 27, 276, 1862, 2425, 82, 17, 0),
(89, 11, 'WIROWONGSO', 3854, 11014, 5602, 5412, 3547, 1301, 3491, 1384, 1094, 16, 38, 138, 5, 0, 3613, 2, 927, 11, 142, 2143, 2037, 55, 9, 1),
(90, 11, 'ROWOINDAH', 2077, 5845, 2917, 2928, 1717, 732, 1798, 863, 597, 9, 28, 99, 2, 0, 1742, 0, 511, 13, 46, 1311, 841, 49, 4, 0),
(91, 6, 'ANDONGREJO', 2257, 6092, 3056, 3036, 1735, 949, 2314, 665, 354, 10, 16, 49, 0, 0, 1683, 44, 544, 1, 41, 1087, 934, 19, 3, 0),
(92, 29, 'KEBONAGUNG', 2487, 7155, 3568, 3587, 1963, 927, 1639, 944, 1306, 40, 84, 230, 21, 1, 2176, 1, 671, 50, 84, 1506, 1145, 44, 4, 0),
(93, 29, 'SEMPUSARI', 4351, 13240, 6545, 6695, 3770, 1391, 1916, 1334, 2830, 126, 425, 1316, 119, 13, 4121, 2, 1476, 115, 141, 2364, 2164, 179, 58, 3),
(94, 31, 'JUMERTO', 1146, 3196, 1612, 1584, 1041, 416, 1041, 336, 303, 3, 12, 43, 1, 0, 952, 0, 226, 7, 68, 660, 408, 20, 2, 0),
(95, 31, 'GEBANG', 9197, 27110, 13473, 13637, 7417, 3042, 4419, 3592, 6408, 165, 477, 1475, 109, 6, 8286, 2, 3013, 284, 295, 5375, 4410, 299, 46, 5),
(96, 31, 'JEMBERLOR', 6671, 19268, 9476, 9792, 4811, 1969, 2243, 2371, 5648, 171, 493, 1425, 127, 10, 5651, 1, 2310, 475, 204, 3526, 2604, 202, 33, 3),
(97, 27, 'SUMBERWARU', 2031, 5148, 2504, 2644, 1310, 567, 2419, 464, 310, 13, 15, 45, 5, 0, 1331, 1, 394, 4, 19, 1194, 638, 21, 3, 0),
(98, 30, 'TEGALGEDE', 3196, 9733, 4797, 4936, 2792, 1182, 1863, 1002, 1669, 47, 197, 789, 165, 27, 2886, 0, 1108, 109, 99, 1843, 1477, 99, 17, 1),
(99, 9, 'TAMANSARI', 2683, 7445, 3699, 3746, 2778, 1236, 2448, 551, 374, 5, 14, 36, 2, 1, 2094, 1, 587, 3, 115, 1472, 1566, 20, 3, 1),
(100, 22, 'KAMAL', 2267, 5858, 2916, 2942, 2359, 1165, 1440, 411, 419, 6, 11, 41, 6, 0, 1530, 0, 486, 5, 61, 666, 717, 17, 0, 0),
(101, 9, 'SUCO', 4640, 12753, 6387, 6366, 4360, 2048, 4425, 1022, 729, 21, 24, 115, 4, 5, 3544, 0, 947, 15, 200, 2122, 2009, 38, 3, 0),
(102, 9, 'KARANG KEDAWUNG', 3753, 9822, 4897, 4925, 3144, 1577, 3624, 751, 580, 19, 28, 95, 4, 0, 2475, 2, 887, 11, 74, 2138, 1573, 41, 4, 0),
(103, 23, 'SUBO', 1362, 3482, 1720, 1762, 1080, 634, 1128, 335, 270, 8, 3, 23, 1, 0, 934, 0, 258, 1, 18, 465, 410, 9, 4, 0),
(104, 8, 'TEGALWARU', 2325, 5993, 2950, 3043, 1980, 1142, 1797, 559, 427, 10, 13, 61, 4, 0, 1631, 2, 410, 5, 162, 1035, 1059, 15, 0, 2),
(105, 24, 'SUMBERKETEMPA', 2088, 5389, 2665, 2724, 1573, 691, 1984, 658, 421, 14, 14, 31, 3, 0, 1549, 0, 347, 9, 65, 864, 427, 18, 4, 0),
(106, 25, 'SUMBERSALAK', 4031, 10586, 5267, 5319, 3912, 1684, 3505, 838, 530, 19, 21, 74, 3, 0, 2899, 2, 857, 4, 82, 2014, 1331, 40, 7, 0),
(107, 27, 'BALETBARU', 2264, 6090, 3033, 3057, 1543, 741, 2296, 653, 662, 17, 35, 133, 10, 0, 1563, 0, 567, 11, 117, 1523, 983, 52, 10, 0),
(108, 27, 'SUKOREJO', 1765, 4638, 2261, 2377, 1341, 556, 1737, 449, 432, 12, 24, 84, 2, 1, 1187, 0, 382, 11, 23, 1145, 593, 29, 7, 0),
(109, 27, 'DAWUHANMANGLI', 1442, 3865, 1875, 1990, 938, 456, 1608, 402, 335, 18, 18, 81, 9, 0, 1053, 0, 303, 11, 21, 1055, 556, 23, 7, 0),
(110, 7, 'MULYOREJO', 4743, 12781, 6574, 6207, 4429, 2278, 4364, 1044, 553, 21, 18, 71, 3, 0, 3019, 1, 1488, 50, 26, 1801, 744, 89, 4, 0),
(111, 11, 'AJUNG', 6662, 19117, 9613, 9504, 5409, 2105, 6032, 2398, 2482, 53, 120, 472, 43, 3, 5543, 4, 2027, 37, 300, 3546, 3212, 137, 25, 2),
(112, 29, 'MANGLI', 5542, 16731, 8253, 8478, 4259, 1855, 1935, 1744, 3988, 167, 492, 2022, 245, 24, 4825, 1, 2199, 269, 212, 2803, 2402, 302, 48, 6),
(113, 13, 'KARANGDUREN', 2482, 6819, 3433, 3386, 1639, 734, 1902, 1351, 974, 24, 47, 145, 3, 0, 1815, 3, 664, 16, 103, 1531, 1210, 46, 2, 0),
(114, 17, 'JAMINTORO', 1416, 4196, 2133, 2063, 1327, 620, 1688, 359, 165, 2, 3, 31, 1, 0, 1269, 0, 412, 1, 19, 270, 888, 20, 2, 0),
(115, 2, 'KEPANJEN', 4193, 11797, 6012, 5785, 3414, 1582, 4386, 1646, 683, 11, 12, 60, 3, 0, 3116, 34, 1055, 2, 41, 1607, 2040, 28, 0, 0),
(116, 14, 'UMBULSARI', 3156, 8831, 4409, 4422, 2580, 1067, 1970, 1580, 1314, 31, 54, 216, 17, 2, 2496, 7, 848, 33, 159, 1377, 1579, 81, 10, 0),
(117, 5, 'SABRANG', 5889, 16657, 8497, 8160, 4093, 1997, 4795, 2961, 2279, 47, 92, 378, 15, 0, 4298, 11, 1775, 26, 278, 3016, 2319, 161, 17, 0),
(118, 21, 'SUKORAMBI', 4451, 12699, 6303, 6396, 3672, 1539, 4940, 1278, 1059, 11, 43, 151, 5, 1, 3570, 1, 1092, 18, 109, 1822, 2359, 40, 6, 0),
(119, 10, 'WONOJATI', 3370, 9580, 4746, 4834, 2642, 1281, 2704, 1417, 1183, 38, 59, 243, 13, 0, 2720, 3, 1010, 38, 239, 1647, 1894, 85, 13, 0),
(120, 11, 'SUKAMAKMUR', 4403, 12226, 6160, 6066, 3334, 1438, 4273, 1685, 1222, 20, 50, 192, 11, 1, 3148, 3, 1235, 14, 146, 1543, 2567, 95, 7, 0),
(121, 6, 'SIDODADI', 4259, 11984, 6100, 5884, 3056, 1396, 3584, 2149, 1517, 25, 49, 193, 14, 1, 3135, 1, 1213, 13, 186, 2340, 1762, 83, 7, 0),
(122, 31, 'PATRANG', 6175, 18127, 8890, 9237, 4753, 2130, 2788, 1918, 3905, 146, 478, 1743, 233, 33, 5329, 0, 2040, 387, 227, 3388, 2378, 237, 40, 6),
(123, 30, 'KEBONSARI', 10628, 31613, 15645, 15968, 8025, 2693, 3329, 3624, 8353, 316, 925, 3876, 432, 40, 8907, 3, 4119, 630, 243, 5405, 4338, 499, 85, 12),
(124, 9, 'LENGKONG', 2981, 8419, 4198, 4221, 2465, 894, 2911, 982, 938, 24, 45, 154, 6, 0, 2485, 1, 687, 15, 66, 2045, 1369, 48, 5, 0),
(125, 23, 'BEDADUNG', 1381, 3627, 1809, 1818, 1061, 416, 1367, 395, 336, 2, 15, 33, 2, 0, 1011, 1, 258, 5, 21, 815, 425, 14, 0, 0),
(126, 28, 'SUCOPANGEPOK', 2589, 6493, 3230, 3263, 2804, 1605, 1504, 345, 209, 6, 6, 14, 0, 0, 1753, 0, 299, 2, 7, 1163, 217, 12, 0, 0),
(127, 27, 'ARJASA', 1442, 3644, 1798, 1846, 1268, 686, 1216, 272, 155, 3, 7, 37, 0, 0, 952, 0, 213, 2, 32, 626, 324, 22, 2, 0),
(128, 7, 'SEMPOLAN', 3439, 9293, 4615, 4678, 2693, 1680, 2867, 983, 794, 28, 54, 186, 6, 2, 2520, 2, 891, 20, 144, 1978, 1324, 84, 5, 0),
(129, 26, 'CUMEDAK', 3231, 8546, 4216, 4330, 2564, 1120, 3245, 887, 569, 23, 23, 106, 9, 0, 2234, 0, 620, 15, 107, 2074, 882, 37, 3, 0),
(130, 26, 'JAMBEARUM', 3178, 8486, 4262, 4224, 3312, 2180, 2150, 503, 283, 6, 2, 44, 3, 3, 2036, 0, 878, 3, 94, 2122, 401, 19, 1, 0),
(131, 3, 'MOJOSARI', 3960, 11029, 5583, 5446, 2600, 1003, 4434, 1849, 964, 23, 38, 114, 4, 0, 2697, 74, 1149, 14, 78, 1658, 1827, 64, 10, 0),
(132, 26, 'RANDUAGUNG', 2558, 6515, 3181, 3334, 1885, 781, 2689, 661, 398, 10, 14, 74, 3, 0, 1554, 0, 572, 4, 29, 1156, 548, 32, 2, 1),
(133, 5, 'KARANGANYAR', 5814, 16535, 8408, 8127, 4266, 1761, 4891, 2803, 2240, 59, 99, 392, 24, 0, 4506, 9, 1859, 21, 436, 2559, 3186, 177, 14, 1),
(134, 2, 'KARANGREJO', 4025, 11387, 5814, 5573, 2744, 1315, 3680, 2051, 1318, 30, 32, 209, 8, 0, 2984, 17, 1203, 20, 162, 2076, 2194, 99, 4, 0),
(135, 19, 'KARANGSONO', 2960, 8634, 4371, 4263, 2172, 1160, 2638, 1494, 973, 19, 39, 128, 10, 1, 2279, 0, 1018, 12, 43, 1055, 1951, 48, 11, 0),
(136, 13, 'KARANG SEMANDING', 2706, 7827, 3913, 3914, 2407, 982, 2769, 882, 650, 15, 32, 90, 0, 0, 2286, 2, 722, 4, 98, 1454, 1345, 43, 11, 0),
(137, 24, 'AJUNG', 3794, 10372, 5137, 5235, 2734, 1265, 2392, 1542, 1780, 83, 161, 396, 18, 1, 3037, 3, 1040, 115, 159, 2085, 1281, 120, 35, 0),
(138, 6, 'CURAHNONGKO', 2414, 6481, 3270, 3211, 1699, 794, 2255, 1055, 589, 6, 19, 61, 2, 1, 1770, 0, 578, 13, 119, 780, 932, 14, 2, 0),
(139, 17, 'JAMBESARI', 1662, 5085, 2536, 2549, 1743, 1116, 1887, 212, 100, 2, 5, 19, 1, 0, 1363, 0, 560, 2, 46, 692, 624, 9, 1, 0),
(140, 17, 'KARANGBAYAT', 5076, 14573, 7157, 7416, 5724, 2765, 4496, 1022, 480, 9, 17, 58, 2, 0, 4258, 2, 1469, 11, 127, 2439, 2029, 36, 4, 0),
(141, 4, 'KESILIR', 6423, 18401, 9304, 9097, 4319, 2021, 5376, 3357, 2760, 54, 120, 375, 19, 0, 4718, 7, 2004, 32, 244, 2411, 2991, 156, 22, 0),
(142, 21, 'KLUNGKUNG', 2094, 5580, 2718, 2862, 2002, 966, 1839, 445, 278, 9, 2, 38, 1, 0, 1477, 0, 438, 5, 112, 1405, 650, 7, 0, 0),
(143, 30, 'KRANJINGAN', 5945, 17861, 8936, 8925, 5329, 1870, 3585, 2063, 3378, 114, 333, 1073, 104, 12, 5491, 0, 1832, 140, 134, 3270, 3560, 169, 35, 5),
(144, 21, 'DUKUHMENCEK', 3114, 8875, 4397, 4478, 2458, 960, 2620, 1207, 1251, 17, 72, 268, 22, 0, 2580, 0, 844, 25, 89, 1843, 1816, 77, 13, 0),
(145, 11, 'KLOMPANGAN', 3893, 11029, 5555, 5474, 3037, 1369, 3113, 1765, 1363, 46, 78, 247, 8, 3, 2977, 0, 1117, 12, 163, 1814, 2192, 88, 9, 0),
(146, 25, 'LEMBENGAN', 3474, 8978, 4449, 4529, 2627, 1827, 2997, 770, 609, 11, 43, 90, 3, 1, 2509, 4, 691, 16, 237, 1822, 977, 19, 10, 0),
(147, 31, 'BANJARSENGON', 1507, 4327, 2115, 2212, 1430, 637, 1345, 446, 376, 8, 18, 66, 0, 1, 1309, 2, 261, 5, 70, 889, 477, 35, 2, 0),
(148, 27, 'SUMBERWRINGIN', 2278, 5888, 2924, 2964, 1721, 1217, 2118, 434, 332, 5, 11, 45, 5, 0, 1359, 0, 453, 5, 103, 936, 661, 22, 1, 0),
(149, 24, 'KALISAT', 4551, 12621, 6264, 6357, 3514, 1705, 2807, 1755, 2129, 76, 162, 448, 21, 4, 3747, 2, 1260, 121, 388, 2160, 1442, 145, 31, 1),
(150, 1, 'WONOREJO', 5498, 14748, 7343, 7405, 3530, 1584, 4160, 2513, 2403, 54, 133, 358, 13, 0, 3825, 4, 1419, 55, 116, 2121, 3448, 124, 16, 1),
(151, 3, 'WONOSARI', 3021, 8644, 4348, 4296, 2013, 765, 3022, 1460, 1151, 31, 54, 139, 9, 0, 2116, 13, 963, 12, 85, 1125, 1445, 65, 9, 1),
(152, 5, 'TEGALSARI', 4406, 12021, 6050, 5971, 2727, 1255, 2717, 2110, 2495, 68, 137, 491, 21, 0, 3184, 7, 1328, 69, 236, 1938, 2845, 158, 20, 1),
(153, 19, 'GAMBIRONO', 5256, 14599, 7326, 7273, 3966, 1690, 5039, 1940, 1645, 31, 52, 214, 22, 0, 3827, 3, 1650, 28, 156, 2222, 3790, 53, 9, 0),
(154, 13, 'TUTUL', 3516, 10165, 5130, 5035, 2632, 1109, 3382, 1445, 1293, 43, 46, 204, 11, 0, 2767, 2, 1097, 15, 80, 1516, 2348, 108, 6, 0),
(155, 13, 'GUMELAR', 3727, 10117, 5113, 5004, 2649, 1563, 2511, 1460, 1550, 35, 59, 274, 16, 0, 2728, 1, 1097, 27, 87, 2038, 1589, 148, 8, 0),
(156, 5, 'PONTANG', 4740, 13261, 6680, 6581, 3251, 1751, 3716, 2281, 1855, 39, 77, 285, 6, 0, 3341, 4, 1414, 23, 196, 1895, 2724, 97, 13, 0),
(157, 10, 'JATISARI', 4282, 11769, 5961, 5808, 3468, 2070, 3861, 1394, 838, 8, 27, 101, 2, 0, 2935, 4, 1258, 2, 373, 2564, 2043, 34, 3, 0),
(158, 10, 'SRUNI', 3302, 9369, 4793, 4576, 2281, 877, 3450, 1646, 929, 19, 30, 129, 8, 0, 2328, 2, 1187, 6, 177, 1685, 1762, 73, 3, 0),
(159, 9, 'KAWANGREJO', 2100, 5645, 2842, 2803, 1726, 520, 1879, 714, 664, 8, 29, 103, 2, 0, 1538, 1, 505, 16, 52, 925, 1375, 40, 6, 0),
(160, 28, 'SUKOJEMBER', 2506, 6617, 3320, 3297, 1931, 1146, 2248, 591, 609, 15, 22, 54, 0, 1, 1866, 1, 403, 12, 35, 1066, 941, 24, 2, 0),
(161, 8, 'MAYANG', 3142, 8444, 4191, 4253, 2423, 1250, 2404, 1035, 1007, 22, 59, 226, 18, 0, 2283, 2, 833, 33, 184, 1465, 1827, 49, 6, 0),
(162, 8, 'TEGALREJO', 2035, 5411, 2623, 2788, 1519, 911, 1416, 709, 697, 32, 20, 101, 6, 0, 1519, 1, 467, 11, 227, 1130, 1056, 33, 4, 0),
(163, 8, 'SUMBERKEJAYAN', 2868, 7711, 3791, 3920, 2403, 1314, 2625, 703, 543, 6, 10, 98, 9, 0, 2100, 2, 599, 11, 168, 1302, 1406, 43, 4, 0),
(164, 27, 'POCANGAN', 1044, 2650, 1327, 1323, 635, 442, 1129, 245, 157, 3, 5, 33, 1, 0, 696, 0, 153, 1, 29, 620, 237, 8, 1, 0),
(165, 7, 'GARAHAN', 5011, 13787, 6880, 6907, 3344, 1885, 5732, 1468, 1109, 30, 45, 171, 3, 0, 3407, 2, 1558, 36, 166, 2359, 2132, 90, 8, 0),
(166, 16, 'KETING', 2712, 7399, 3683, 3716, 1577, 671, 2374, 1359, 1203, 15, 40, 152, 7, 1, 1616, 2, 921, 12, 110, 893, 2319, 50, 6, 0),
(167, 18, 'KRAMAT SUKOHARJO', 2578, 7609, 3795, 3814, 2334, 1430, 2617, 677, 499, 8, 8, 33, 3, 0, 2153, 0, 746, 8, 59, 830, 1078, 17, 2, 0),
(168, 19, 'SUKOREJO', 4557, 12543, 6355, 6188, 3291, 1844, 3941, 1707, 1416, 28, 52, 245, 18, 1, 3414, 3, 1291, 19, 127, 2163, 3138, 98, 9, 0),
(169, 20, 'PANTI', 4258, 11762, 5756, 6006, 3810, 1883, 2892, 1498, 1381, 36, 35, 210, 16, 1, 3584, 3, 953, 49, 116, 2799, 1645, 70, 3, 0),
(170, 22, 'DARSONO', 2632, 7024, 3499, 3525, 3064, 1147, 2073, 421, 284, 6, 8, 20, 1, 0, 1956, 1, 541, 6, 39, 899, 1200, 3, 2, 0),
(171, 23, 'SUMBERPINANG', 3333, 8720, 4248, 4472, 2827, 1165, 2983, 892, 732, 7, 22, 86, 6, 0, 2456, 1, 583, 12, 120, 1740, 1701, 21, 9, 0),
(172, 27, 'SUKOKERTO', 1590, 4072, 1988, 2084, 1193, 715, 1363, 368, 344, 12, 10, 61, 5, 1, 1135, 0, 202, 9, 39, 774, 805, 14, 1, 0),
(173, 2, 'MAYANGAN', 4325, 12324, 6248, 6076, 3447, 1524, 4757, 1653, 813, 10, 21, 97, 2, 0, 3500, 8, 1029, 13, 104, 2347, 2193, 35, 5, 0),
(174, 31, 'SLAWU', 2619, 7947, 4018, 3929, 2347, 993, 1807, 913, 1305, 31, 110, 399, 40, 2, 2578, 1, 735, 46, 89, 1602, 989, 83, 6, 2),
(175, 2, 'TEMBOKREJO', 3849, 10480, 5249, 5231, 2529, 1223, 2617, 1961, 1777, 35, 41, 277, 19, 1, 2810, 3, 928, 15, 177, 1710, 2017, 87, 11, 0),
(176, 3, 'MOJOMULYO', 3443, 9551, 4837, 4714, 2089, 852, 3978, 1526, 942, 11, 22, 122, 9, 0, 2315, 525, 1052, 9, 84, 1687, 1286, 58, 3, 0),
(177, 3, 'WRINGINTELU', 2489, 6987, 3549, 3438, 1695, 493, 2245, 1360, 1005, 22, 48, 108, 11, 0, 1787, 0, 716, 13, 98, 779, 1178, 40, 6, 0),
(178, 10, 'JATIMULYO', 2424, 7051, 3560, 3491, 1790, 670, 2322, 1222, 839, 23, 40, 134, 11, 0, 1827, 2, 852, 5, 120, 824, 1398, 59, 4, 0),
(179, 12, 'KALIWINING', 6965, 20238, 10187, 10051, 5474, 2405, 6041, 3042, 2588, 51, 121, 485, 30, 1, 5807, 7, 2130, 48, 205, 3365, 3662, 167, 23, 0),
(180, 12, 'RAMBIPUJI', 4058, 11496, 5672, 5824, 2785, 1272, 2010, 1720, 2856, 79, 177, 569, 25, 3, 3346, 4, 1222, 134, 270, 2031, 2444, 132, 26, 2),
(181, 10, 'KERTONEGORO', 4099, 11648, 5949, 5699, 2779, 1020, 4070, 1880, 1540, 39, 70, 235, 15, 0, 3067, 3, 1275, 26, 257, 1656, 2844, 93, 10, 0),
(182, 23, 'JATIAN', 2045, 5319, 2628, 2691, 1797, 760, 1673, 571, 437, 11, 21, 43, 6, 0, 1341, 0, 464, 3, 102, 1111, 739, 9, 5, 0),
(183, 25, 'SUMBERANGET', 1012, 2633, 1306, 1327, 779, 401, 946, 306, 164, 7, 3, 27, 0, 0, 740, 0, 193, 1, 21, 320, 156, 6, 1, 0),
(184, 28, 'SUGERKIDUL', 1445, 3777, 1918, 1859, 1221, 580, 1322, 328, 282, 7, 8, 27, 2, 0, 1078, 1, 210, 5, 45, 613, 488, 9, 1, 0),
(185, 25, 'SLATENG', 3856, 9937, 4908, 5029, 3274, 1408, 4172, 630, 376, 10, 13, 53, 1, 0, 2739, 1, 606, 3, 52, 1448, 777, 21, 5, 0),
(186, 24, 'PATEMPURAN', 2205, 5815, 2892, 2923, 1675, 711, 2249, 744, 377, 11, 10, 35, 3, 0, 1693, 0, 385, 9, 247, 880, 365, 17, 1, 0),
(187, 24, 'SEBANEN', 1154, 2938, 1440, 1498, 861, 405, 1153, 336, 150, 8, 5, 20, 0, 0, 755, 1, 231, 0, 50, 471, 271, 5, 0, 0),
(188, 7, 'KARANGHARJO', 4178, 11656, 5883, 5773, 3615, 1394, 3958, 1370, 1043, 20, 64, 182, 10, 0, 3109, 2, 1149, 10, 112, 1510, 2368, 97, 5, 0),
(189, 16, 'NGAMPELREJO', 1864, 5245, 2665, 2580, 1468, 397, 2013, 747, 536, 10, 18, 54, 2, 0, 1297, 2, 590, 5, 15, 856, 613, 21, 0, 0),
(190, 17, 'SUMBERAGUNG', 3780, 10656, 5364, 5292, 2411, 1602, 3366, 1687, 1367, 26, 46, 141, 9, 1, 2562, 2, 1274, 20, 99, 1606, 1898, 56, 5, 0),
(191, 19, 'BANGSALSARI', 6062, 17017, 8459, 8558, 4675, 2329, 4614, 2185, 2541, 78, 128, 434, 33, 0, 4871, 8, 1778, 97, 347, 3086, 3821, 156, 20, 0),
(192, 26, 'SUMBERJAMBE', 2685, 7032, 3503, 3529, 2385, 1171, 2209, 608, 466, 32, 22, 137, 2, 0, 1754, 0, 580, 29, 63, 1463, 684, 41, 1, 0),
(193, 11, 'MANGARAN', 5004, 14042, 7071, 6971, 4087, 1853, 5211, 1642, 1080, 22, 36, 103, 8, 0, 3913, 3, 1241, 30, 222, 2499, 2535, 45, 6, 0),
(194, 6, 'PONDOKREJO', 3199, 9003, 4522, 4481, 3000, 1505, 2530, 1249, 622, 20, 15, 61, 1, 0, 2777, 2, 690, 9, 86, 1717, 1364, 16, 6, 0),
(195, 7, 'SUMBERJATI', 4515, 12302, 6114, 6188, 3104, 1621, 4592, 1429, 1184, 28, 58, 270, 15, 1, 3021, 1, 1443, 47, 102, 1829, 2219, 108, 15, 0),
(196, 8, 'SEPUTIH', 3452, 9008, 4482, 4526, 3025, 1494, 2959, 807, 610, 16, 20, 73, 4, 0, 2456, 0, 652, 7, 100, 1380, 1236, 42, 6, 0),
(197, 26, 'PLEREAN', 2753, 7357, 3638, 3719, 2830, 1351, 2463, 495, 189, 8, 2, 19, 0, 0, 1995, 1, 487, 1, 103, 1371, 910, 7, 0, 0),
(198, 26, 'ROWOSARI', 2036, 5314, 2631, 2683, 1820, 841, 1847, 464, 268, 9, 14, 49, 2, 0, 1376, 0, 364, 4, 12, 722, 380, 17, 2, 0),
(199, 14, 'SIDOREJO', 1248, 3247, 1602, 1645, 650, 274, 815, 646, 717, 12, 38, 89, 6, 0, 784, 3, 350, 34, 23, 700, 378, 33, 10, 0),
(200, 1, 'PASEBAN', 3006, 8043, 4032, 4011, 1989, 1080, 2519, 1460, 791, 32, 26, 141, 5, 0, 1925, 72, 789, 8, 99, 1755, 1486, 57, 10, 0),
(201, 1, 'KRATON', 3820, 10378, 5186, 5192, 2537, 1194, 3124, 1665, 1500, 46, 48, 248, 16, 0, 2542, 2, 1041, 17, 175, 1806, 2159, 88, 8, 0),
(202, 17, 'KALIGLAGAH', 2555, 7612, 3704, 3908, 2699, 2131, 1987, 519, 239, 4, 9, 23, 1, 0, 2261, 0, 754, 5, 63, 1304, 1522, 10, 1, 0),
(203, 18, 'PATEMON', 4074, 12012, 5984, 6028, 3733, 1515, 3916, 1224, 1330, 34, 55, 200, 4, 1, 3659, 2, 1033, 29, 142, 2114, 2020, 56, 12, 2),
(204, 12, 'ROWOTAMTU', 2781, 7873, 3976, 3897, 2319, 1010, 1872, 1226, 1159, 35, 54, 185, 12, 1, 2329, 4, 763, 40, 342, 1510, 1339, 65, 8, 0),
(205, 15, 'SIDOMEKAR', 4927, 13817, 6882, 6935, 3329, 1220, 3226, 2460, 2917, 65, 153, 424, 22, 1, 4037, 1, 1372, 123, 131, 2098, 2910, 180, 16, 0),
(206, 3, 'PUGERWETAN', 3871, 11147, 5687, 5460, 2884, 1286, 3275, 2204, 1326, 23, 43, 103, 3, 0, 2942, 2015, 1297, 11, 150, 2617, 1335, 64, 3, 1),
(207, 19, 'TISNOGAMBAR', 4496, 12494, 6249, 6245, 3511, 2025, 4604, 1161, 985, 38, 39, 126, 5, 0, 3227, 4, 1252, 13, 94, 2046, 2277, 57, 7, 0),
(208, 4, 'TAMANSARI', 6389, 18199, 9333, 8866, 4170, 2070, 7061, 2713, 1838, 37, 74, 231, 4, 1, 4528, 11, 2029, 25, 159, 2251, 3797, 84, 10, 0),
(209, 12, 'CURAHMALANG', 1987, 5523, 2784, 2739, 1466, 730, 1427, 872, 818, 15, 33, 150, 10, 2, 1535, 2, 507, 26, 102, 1140, 968, 70, 8, 0),
(210, 20, 'KEMIRI', 3423, 9630, 4720, 4910, 3189, 1789, 2628, 994, 860, 22, 29, 116, 3, 0, 2846, 0, 806, 5, 150, 1750, 1192, 61, 4, 0),
(211, 28, 'PANDUMAN', 2866, 7366, 3646, 3720, 2796, 1333, 1949, 602, 628, 5, 6, 47, 0, 0, 2040, 0, 427, 9, 60, 1330, 738, 9, 2, 0),
(212, 8, 'SIDOMUKTI', 2651, 7061, 3540, 3521, 3174, 1348, 1488, 544, 434, 6, 9, 56, 2, 0, 2080, 1, 413, 0, 62, 905, 615, 24, 2, 0),
(213, 24, 'GLAGAHWERO', 2771, 7616, 3803, 3813, 2135, 879, 2195, 1056, 1051, 42, 79, 167, 8, 4, 2267, 0, 762, 29, 153, 1374, 1067, 59, 8, 1),
(214, 25, 'SUMBERBULUS', 3774, 9812, 4883, 4929, 2961, 2229, 3161, 879, 505, 7, 6, 58, 6, 0, 2780, 4, 717, 3, 91, 1736, 1363, 17, 1, 0),
(215, 27, 'SUKOSARI', 2936, 7796, 3838, 3958, 2175, 1099, 3054, 752, 549, 16, 23, 120, 8, 0, 2186, 2, 548, 19, 73, 1884, 955, 28, 4, 0),
(216, 7, 'PACE', 6952, 19019, 9436, 9583, 6474, 3597, 5743, 1815, 1146, 26, 34, 177, 6, 1, 4847, 1, 1977, 16, 114, 3133, 2660, 113, 8, 0),
(217, 30, 'KARANGREJO', 6972, 20734, 10311, 10423, 6004, 2461, 3715, 2060, 4152, 140, 455, 1530, 201, 16, 6401, 0, 2085, 191, 170, 3971, 3069, 225, 67, 5),
(218, 6, 'WONOASRI', 4151, 11547, 5812, 5735, 3049, 1660, 2991, 2306, 1351, 20, 26, 135, 9, 0, 3045, 1, 1068, 20, 89, 2133, 1858, 54, 4, 0),
(219, 15, 'PONDOKDALEM', 2429, 6878, 3434, 3444, 2877, 722, 2120, 552, 491, 18, 23, 73, 2, 0, 2320, 2, 486, 11, 136, 1578, 1289, 34, 4, 0),
(220, 3, 'GRENDEN', 5559, 15888, 7979, 7909, 3592, 1422, 5284, 3023, 2194, 50, 65, 237, 20, 1, 3961, 47, 1766, 31, 165, 3373, 2686, 111, 1, 1),
(221, 13, 'CURAHLELE', 2294, 6636, 3334, 3302, 1953, 790, 2474, 765, 529, 6, 16, 93, 10, 0, 1859, 2, 623, 3, 90, 957, 1527, 38, 0, 0),
(222, 4, 'TANJUNGREJO', 5952, 17168, 8792, 8376, 4033, 1820, 4946, 3071, 2633, 80, 112, 451, 20, 2, 4573, 3, 1864, 41, 297, 2624, 2989, 146, 19, 1),
(223, 20, 'SERUT', 4869, 13305, 6573, 6732, 4041, 2075, 3685, 1818, 1360, 28, 52, 236, 9, 1, 3748, 4, 1184, 17, 331, 2737, 2213, 93, 10, 0),
(224, 21, 'KARANGPRING', 3236, 9484, 4746, 4738, 3243, 1910, 2913, 801, 509, 8, 14, 82, 4, 0, 2652, 2, 960, 8, 202, 1821, 1002, 46, 2, 0),
(225, 10, 'KEMUNINGSARIKIDUL', 3569, 10134, 5115, 5019, 2525, 1067, 3215, 1844, 1210, 25, 46, 195, 7, 0, 2542, 6, 1192, 19, 182, 1532, 1742, 117, 8, 1),
(226, 30, 'ANTIROGO', 4346, 12264, 6030, 6234, 3567, 1298, 4080, 1320, 1458, 34, 90, 371, 39, 7, 3328, 1, 1292, 25, 55, 2034, 2740, 80, 10, 1),
(227, 22, 'CANDIJATI', 2054, 5517, 2706, 2811, 1467, 672, 1647, 669, 858, 27, 33, 132, 11, 1, 1508, 0, 512, 19, 69, 1014, 898, 34, 8, 2),
(228, 24, 'SUKORENO', 1817, 4549, 2254, 2295, 1186, 533, 2007, 487, 287, 5, 12, 29, 3, 0, 1205, 0, 267, 8, 38, 594, 608, 3, 0, 1),
(229, 24, 'SUMBERJERUK', 1815, 4893, 2385, 2508, 1276, 516, 1576, 617, 674, 34, 50, 144, 4, 2, 1387, 1, 402, 29, 20, 1133, 535, 40, 17, 0),
(230, 7, 'SILO', 3995, 10923, 5497, 5426, 3032, 1613, 4048, 1247, 805, 21, 40, 116, 1, 0, 2772, 2, 1227, 30, 119, 1961, 1713, 63, 12, 0),
(231, 22, 'KEMUNINGLOR', 3388, 8923, 4390, 4533, 3140, 1305, 2711, 797, 788, 22, 36, 110, 11, 3, 2479, 3, 794, 23, 59, 1556, 1853, 44, 3, 0),
(232, 24, 'PLALANGAN', 4021, 10453, 5171, 5282, 2828, 1609, 3784, 1352, 762, 23, 17, 75, 3, 0, 2780, 3, 836, 11, 100, 2233, 1524, 29, 5, 0),
(233, 7, 'HARJOMULYO', 4053, 10702, 5253, 5449, 3382, 1870, 3504, 1068, 732, 15, 21, 106, 4, 0, 2860, 1, 844, 22, 88, 1835, 1426, 66, 1, 0),
(234, 7, 'SIDOMULYO', 4149, 11580, 5844, 5736, 2809, 1595, 5044, 1252, 726, 13, 30, 109, 2, 0, 2751, 2, 1375, 11, 39, 1167, 1437, 47, 4, 0),
(235, 17, 'JATIROTO', 4137, 12240, 6088, 6152, 3904, 1759, 4404, 1350, 687, 24, 22, 85, 5, 0, 3844, 1, 1228, 5, 57, 1662, 3181, 46, 2, 0),
(236, 23, 'PAKUSARI', 3888, 10173, 5005, 5168, 3085, 1507, 3112, 1096, 1192, 31, 35, 109, 6, 0, 2668, 0, 914, 11, 151, 1717, 2085, 40, 10, 0),
(237, 8, 'MRAWAN', 3522, 9212, 4578, 4634, 2828, 1524, 3317, 855, 586, 10, 16, 71, 5, 0, 2401, 0, 757, 2, 206, 1512, 1468, 29, 5, 0),
(238, 24, 'SUMBERKALONG', 1547, 3920, 1870, 2050, 1123, 527, 1459, 471, 290, 7, 8, 35, 0, 0, 1014, 0, 268, 6, 33, 853, 321, 10, 1, 0),
(239, 25, 'SUKOGIDRI', 1491, 3833, 1869, 1964, 1100, 672, 1291, 434, 258, 8, 17, 50, 2, 1, 1014, 0, 309, 4, 29, 253, 299, 6, 2, 0),
(240, 27, 'MOJOGEMI', 1094, 2879, 1429, 1450, 880, 1159, 497, 181, 137, 5, 3, 16, 1, 0, 752, 0, 177, 3, 6, 575, 215, 12, 2, 0),
(241, 16, 'WRINGINAGUNG', 5375, 15468, 7810, 7658, 3856, 2055, 4452, 2804, 1967, 26, 58, 236, 13, 1, 3851, 2, 1883, 24, 223, 2990, 3126, 104, 7, 0),
(242, 17, 'ROWOTENGAH', 3772, 10940, 5490, 5450, 2699, 1510, 3131, 1661, 1539, 55, 48, 281, 16, 0, 2988, 1, 1145, 21, 178, 2033, 1746, 129, 7, 1),
(243, 19, 'CURAHKALONG', 6133, 17092, 8636, 8456, 6239, 3038, 5451, 1429, 818, 14, 15, 79, 7, 2, 4539, 0, 1611, 6, 106, 3038, 3203, 28, 1, 0),
(244, 22, 'ARJASA', 3477, 9560, 4696, 4864, 3208, 1294, 2616, 882, 1106, 30, 88, 307, 28, 1, 2788, 0, 871, 34, 162, 1417, 1203, 54, 9, 2),
(245, 28, 'JELBUK', 1696, 4480, 2203, 2277, 1401, 710, 1207, 469, 549, 8, 38, 91, 7, 0, 1239, 0, 328, 16, 104, 591, 693, 20, 2, 0),
(246, 24, 'GAMBIRAN', 2485, 6624, 3280, 3344, 1894, 803, 2715, 691, 422, 13, 18, 63, 5, 0, 1903, 0, 420, 5, 106, 1454, 1067, 34, 3, 0),
(247, 26, 'SUMBERPAKEM', 2523, 6470, 3174, 3296, 1921, 1027, 2609, 509, 321, 7, 17, 58, 1, 0, 1744, 2, 349, 6, 37, 1316, 693, 21, 0, 0),
(248, 19, 'TUGUSARI', 5706, 16023, 7988, 8035, 5365, 3310, 5262, 1198, 771, 15, 22, 75, 5, 0, 4460, 0, 1393, 6, 83, 2644, 3056, 56, 1, 0);

-- --------------------------------------------------------

--
-- Struktur dari tabel `user`
--

CREATE TABLE `user` (
  `UserID` int NOT NULL,
  `email` varchar(255) DEFAULT NULL,
  `password` varchar(255) DEFAULT NULL
) ENGINE=InnoDB DEFAULT CHARSET=utf8mb4 COLLATE=utf8mb4_unicode_ci;

--
-- Dumping data untuk tabel `user`
--

INSERT INTO `user` (`UserID`, `email`, `password`) VALUES
(1, 'internshiprlo@gmail.com', 'intern12345');

--
-- Indexes for dumped tables
--

--
-- Indeks untuk tabel `email`
--
ALTER TABLE `email`
  ADD PRIMARY KEY (`id`);

--
-- Indeks untuk tabel `kecamatan`
--
ALTER TABLE `kecamatan`
  ADD PRIMARY KEY (`KecamatanID`);

--
-- Indeks untuk tabel `kelurahan`
--
ALTER TABLE `kelurahan`
  ADD PRIMARY KEY (`KelurahanID`),
  ADD KEY `KecamatanID` (`KecamatanID`);

--
-- Indeks untuk tabel `user`
--
ALTER TABLE `user`
  ADD PRIMARY KEY (`UserID`);

--
-- AUTO_INCREMENT untuk tabel yang dibuang
--

--
-- AUTO_INCREMENT untuk tabel `email`
--
ALTER TABLE `email`
  MODIFY `id` int NOT NULL AUTO_INCREMENT, AUTO_INCREMENT=8;

--
-- Ketidakleluasaan untuk tabel pelimpahan (Dumped Tables)
--

--
-- Ketidakleluasaan untuk tabel `kelurahan`
--
ALTER TABLE `kelurahan`
  ADD CONSTRAINT `kelurahan_ibfk_1` FOREIGN KEY (`KecamatanID`) REFERENCES `kecamatan` (`KecamatanID`);
COMMIT;

/*!40101 SET CHARACTER_SET_CLIENT=@OLD_CHARACTER_SET_CLIENT */;
/*!40101 SET CHARACTER_SET_RESULTS=@OLD_CHARACTER_SET_RESULTS */;
/*!40101 SET COLLATION_CONNECTION=@OLD_COLLATION_CONNECTION */;
